time,seconds_elapsed,z,y,x
1772556052603596800,0.0755966796875,-0.21065350573658942,0.25307664318531753,-0.08742251859363168
1772556052613527800,0.08552783203125,-0.2051116537004709,0.2120239173069596,-0.02505005090869963
1772556052623458800,0.095458740234375,-0.20479951901137827,0.180821188987419,0.05618278273195028
1772556052633389800,0.105389892578125,-0.2544634213685989,0.17110913859456778,0.1127803568098694
1772556052643320800,0.11532080078125,-0.35336686319112776,0.15725567754805087,0.09284231515266
1772556052653251800,0.125251953125,-0.37153088091313835,0.14890454024486244,0.019070647705532608
1772556052663182800,0.135182861328125,-0.3857815245836973,0.13901537971943617,-0.015855046659894286
1772556052673113900,0.14511376953125,-0.34141572863459585,0.12077025958523153,0.026803032055869695
1772556052683046000,0.1550458984375,-0.2444739422738552,0.12910766062401235,0.09345620926730334
1772556052692977000,0.164976806640625,-0.17230945429503916,0.1442738847695291,0.139687324164249
1772556052702908000,0.174907958984375,-0.06600538082718849,0.18005078913681208,0.1097423773534596
1772556052712839000,0.1848388671875,0.0438274512887001,0.1925960171289742,0.035860819791071114
1772556052722770000,0.19477001953125,0.1130652381658554,0.19365202898792921,-0.028552213810756802
1772556052732701000,0.204700927734375,0.17753040381371973,0.1518538185045123,-0.1377118959054351
1772556052742632000,0.2146318359375,0.16779694530665873,0.1717580309573561,-0.20656141411736606
1772556052752562700,0.224562744140625,0.11029343536496161,0.21034115185178814,-0.18444226556140927
1772556052762494000,0.234493896484375,0.040461774247884746,0.24706140148378908,-0.13977145878374575
1772556052772425000,0.244425048828125,-0.03411912722289562,0.23421974782831967,-0.12605631022937594
1772556052782357000,0.25435693359375,-0.12875614377260208,0.1944290047097951,-0.09293892566123976
1772556052792287700,0.264287841796875,-0.16365619224011896,0.17567461987920105,-0.03151844320520759
1772556052802219000,0.274218994140625,-0.11634791309833525,0.20017427036352453,0.010944898389745503
1772556052812149800,0.284149658203125,0.024252982246875762,0.19252609369792043,-0.008916863160859793
1772556052822080800,0.294080810546875,0.20887188301682472,0.16502558089718222,-0.055553252656757826
1772556052832012000,0.304011962890625,0.3392395536392927,0.16361330294646323,-0.08389281009752303
1772556052841942800,0.31394287109375,0.46261108176410193,0.19676190463677048,-0.11181764925755559
1772556052851873800,0.323873779296875,0.5410714550167322,0.21784670517630875,-0.11954475464457645
1772556052861805000,0.33380517578125,0.5179325714915991,0.20201076507568358,-0.1020393104291521
1772556052871735800,0.34373583984375,0.474134930819273,0.15327274539172647,-0.07160977670550346
1772556052881666800,0.353666748046875,0.3739297587484121,0.12743534349761904,-0.03307922624852508
1772556052891598800,0.363598876953125,0.28330197784006594,0.12876337723098694,0.023716053225426
1772556052901529900,0.37352978515625,0.16749650105535982,0.12700206664688884,0.06705738323130644
1772556052911460900,0.3834609375,0.0627414105951786,0.13360270702093838,0.10135183962164446
1772556052921391900,0.393391845703125,0.038675475353002545,0.13976532130390404,0.08861366460695862
1772556052931323000,0.403322998046875,0.001260229194164276,0.14414112523533404,0.09988525593411177
1772556052941254000,0.41325390625,-0.0169967275083065,0.1600534915730357,0.08695588746257125
1772556052951184600,0.4231845703125,-0.007792261311411857,0.16834529990442096,0.03015466230502352
1772556052961116000,0.433115966796875,0.028410686448216437,0.1615319666277617,-0.0036520379678346214
1772556052971047000,0.443046875,0.05202537079155445,0.14898425441756843,-0.036831454921513795
1772556052980977700,0.452977783203125,0.06345394277870654,0.11876191543750464,-0.06082898283628747
1772556052990909000,0.462908935546875,-0.0033510639935731886,0.07888817021064459,-0.0018417554091662168
1772556053000841000,0.472841064453125,-0.08310381514430046,0.04700257419347763,0.07591454296102747
1772556053010771700,0.482771728515625,-0.15858254223763943,0.024236761764436957,0.11827863456574268
1772556053020702700,0.49270263671875,-0.21231354790329932,0.0230927793610841,0.11824447656781412
1772556053030634000,0.502634033203125,-0.2263005722016096,0.07019318790584803,0.09277295797718688
1772556053040564700,0.512564697265625,-0.21500994738042353,0.09777078453078865,0.06287069953065365
1772556053050495700,0.522495849609375,-0.15067922176718712,0.11339425092451273,0.00008548632636666297
1772556053060427000,0.532427001953125,-0.10880758072137832,0.11539134302586317,-0.03329106976776384
1772556053070357800,0.542357666015625,-0.08166121512055396,0.09454656178727745,-0.06543476873184553
1772556053080288800,0.552288818359375,-0.03720715636610985,0.06191760005690157,-0.06381240082755685
1772556053090220000,0.562219970703125,-0.01451367852091789,0.01570310750119388,-0.043377762159286064
1772556053100151800,0.57215185546875,0.004636427628993987,-0.015401421140879392,-0.027525245383195576
1772556053110082800,0.582082763671875,0.006467734709382057,-0.025130349603295323,-0.0026986097005195914
1772556053120014000,0.59201416015625,-0.008621113350987433,-0.015764555364847183,0.0074895337714813645
1772556053129944800,0.60194482421875,-0.035275896042585374,-0.00023541619107127188,-0.00963460124246776
1772556053139875800,0.611875732421875,-0.050309214523434634,0.04567088719829917,-0.041229854277241976
1772556053149807000,0.62180712890625,-0.101314594617486,0.07370463009290397,-0.061094648035150016
1772556053159737900,0.63173779296875,-0.15331015479266644,0.08498414899818599,-0.05412194121200591
1772556053169668900,0.6416689453125,-0.14119360054135321,0.08728080856800079,-0.0873763961632736
1772556053179600000,0.651599853515625,-0.10235796619057655,0.08529591836109757,-0.10042458697520196
1772556053189531000,0.66153076171875,-0.07329027713835239,0.059575932301580904,-0.08722884091874585
1772556053199462000,0.6714619140625,-0.034197453156113625,0.05592778505757451,-0.05478307200185954
1772556053209394000,0.681393798828125,-0.018404256218671797,0.05652918501682579,-0.02376233091941103
1772556053219325000,0.691324951171875,-0.026345570611953733,0.06771444976739585,-0.026866544012445957
1772556053229256000,0.701255859375,-0.013584873238205909,0.08816635923087596,-0.059553848333936184
1772556053239186700,0.711186767578125,-0.04484744198620319,0.10186258388906717,-0.09162059133797884
1772556053249118000,0.721117919921875,-0.10235387453734875,0.1459151491705328,-0.0776652956184931
1772556053259049000,0.731049072265625,-0.11520809541344643,0.17502470460310576,-0.049392903396114705
1772556053268979700,0.740979736328125,-0.14517068747878073,0.15182992617227137,-0.01279799717683345
1772556053278911000,0.750910888671875,-0.17036708805561065,0.14549173612669108,0.02901031457548961
1772556053288842000,0.760842041015625,-0.1556342138260603,0.1213505436912179,0.0510019642942585
1772556053298772700,0.770772705078125,-0.12655600337982176,0.10227649845220148,0.07390879262918607
1772556053308705000,0.780705078125,-0.10405600228011608,0.10802446751967072,0.10525087462048976
1772556053318636300,0.79063623046875,-0.04424889157116413,0.10656374731734394,0.1265478018070571
1772556053328567300,0.8005673828125,0.015661679512262345,0.09049728639647364,0.12982881450541317
1772556053338498000,0.810498046875,0.039810032340884205,0.06844568665139376,0.1401208202106878
1772556053348429300,0.82042919921875,0.013326514562964438,0.05444415890369564,0.13987654485972598
1772556053358360300,0.8303603515625,-0.0838116711527109,0.043405609147436915,0.1546360879004933
1772556053368291000,0.840291015625,-0.1889993078112602,0.047803953704237935,0.1801042728897184
1772556053378222300,0.850222412109375,-0.2205839481204748,0.0787808373786509,0.19040866315253077
1772556053388153300,0.8601533203125,-0.23557810363471507,0.09556264349464326,0.16684470434943213
1772556053398084000,0.870083984375,-0.2024988408535719,0.1182850551733747,0.12614468263257295
1772556053408015400,0.880015380859375,-0.14656827931702135,0.12941676310580222,0.06000933701647445
1772556053417947400,0.889947509765625,-0.06400339335501194,0.12414061280116438,0.012383735553827137
1772556053427878100,0.899878173828125,0.008874211329221724,0.10742971649691462,-0.011599380243103951
1772556053437809200,0.90980908203125,0.024052491238713263,0.09771594907101243,-0.0010484130743891
1772556053447740400,0.919740478515625,0.017137012761831282,0.08452668755427002,0.027240838951244947
1772556053457671200,0.929671142578125,0.027476035946607587,0.07590035003889352,0.024186894740723074
1772556053467602200,0.939602294921875,0.027059271839261052,0.07931848791930823,0.024645653092581776
1772556053477533200,0.949533203125,-0.005401566782593727,0.09078063338249921,0.008845478425081819
1772556053487464200,0.959464111328125,-0.015936989322304723,0.10928009360395372,-0.003264372090809047
1772556053497395200,0.969395263671875,-0.024757424637675284,0.1314445791389793,-0.018099628982599824
1772556053507326200,0.979326171875,0.0009551087677478789,0.14270619706138968,-0.02038753899037838
1772556053517257200,0.98925732421875,0.03758768011629581,0.1296623718973249,-0.021162468885630368
1772556053527189200,0.999189208984375,0.019613047486543654,0.10867186204511671,0.008338679680414497
1772556053537120000,1.0091201171875,-0.021870471024513245,0.07524038829281926,0.05498741720123216
1772556053547051300,1.01905126953125,-0.03356967664659023,0.09488631513565778,0.08199992728931829
1772556053556982300,1.028982177734375,-0.06245148773789405,0.10865363226868212,0.06734269384555518
1772556053566913000,1.0389130859375,-0.11634089883565903,0.10275445469487458,0.03740585727598518
1772556053576844300,1.04884423828125,-0.11834288630783557,0.12914693318847567,0.025077413839660584
1772556053586775300,1.058775390625,-0.10134557427763938,0.143109371034801,0.029544348386954515
1772556053596706000,1.0687060546875,-0.06923194165825844,0.14817644516602158,0.021819690685346723
1772556053606637300,1.07863720703125,-0.008678981018066407,0.1559205564867705,0.009300400852039457
1772556053616568000,1.088568115234375,0.03079904288947582,0.15596129035595804,0.02129405937604606
1772556053626499000,1.0984990234375,-0.014703648135066031,0.148400134386681,0.03578081335742026
1772556053636431000,1.10843115234375,-0.0804617762029171,0.16271609837841242,0.05343892738390714
1772556053646362400,1.1183623046875,-0.11486673462986946,0.17497922149356454,0.0851296766824089
1772556053656293000,1.128293212890625,-0.1294745211750269,0.15758881849255413,0.12656192166395486
1772556053666224000,1.13822412109375,-0.16437749225199222,0.10947265703398734,0.16293483742931858
1772556053676155100,1.148155029296875,-0.16811317164897918,0.09629238254129886,0.16582253996115176
1772556053686086100,1.158086181640625,-0.1784995411068201,0.10311364339608699,0.16322485161814837
1772556053696017200,1.16801708984375,-0.1575280647486448,0.1094365993399173,0.14894180351532996
1772556053705948200,1.1779482421875,-0.12297989845871925,0.11740030822809785,0.1249724605154246
1772556053715879200,1.187879150390625,-0.07602700862586498,0.10805694501716642,0.09415237483792006
1772556053725810200,1.19781005859375,-0.029611878931522367,0.09200612005684525,0.08063603679127991
1772556053735741200,1.2077412109375,-0.015926467928290368,0.08575827517583966,0.06355367682613432
1772556053745673200,1.217673095703125,-0.01914192284345627,0.08987758359555155,0.07785086305215955
1772556053755604200,1.227604248046875,0.0009048398852348328,0.10528912427164613,0.07196531214490533
1772556053765535200,1.23753515625,-0.010832359659671782,0.09932111924532801,0.048724575680494306
1772556053775466200,1.24746630859375,-0.013056465449929236,0.09318879050277173,0.04878847122956067
1772556053785397200,1.257397216796875,0.010688567274808883,0.10249525576941669,0.02655676567722112
1772556053795328300,1.267328369140625,0.04916764327287674,0.127595100636594,0.010205861791782081
1772556053805259300,1.27725927734375,0.10715221472978591,0.12331756944786756,0.008392894085682927
1772556053815190300,1.287190185546875,0.1588917543172836,0.13627641974221913,0.017324461625330148
1772556053825121300,1.297121337890625,0.1711959400951862,0.13694295735955236,0.02885835715048015
1772556053835052300,1.30705224609375,0.15661562607884405,0.11432605188190936,0.06030625587012618
1772556053844983000,1.316983154296875,0.10791150866448879,0.11348616699166596,0.05308412259686738
1772556053854915000,1.3269150390625,0.06293079568743705,0.132739258592017,0.0636642245285213
1772556053864846300,1.336846435546875,0.0564063623547554,0.14020959447268397,0.06805624894239008
1772556053874777300,1.34677734375,0.06857903070747852,0.13235906363539396,0.026303192774951457
1772556053884708000,1.3567080078125,0.09349135364592075,0.1426557455157861,0.0009737769355997443
1772556053894639400,1.366639404296875,0.1057540383696556,0.15180705675333736,0.013785693039931357
1772556053904570000,1.376570068359375,0.09117021722197532,0.1501993292957544,-0.01295198216214776
1772556053914501000,1.386501220703125,0.03743745799064636,0.14349044277425854,-0.023603907220996916
1772556053924432400,1.396432373046875,-0.009086392775177955,0.1430559238145128,-0.014371968495287
1772556053934363100,1.406363037109375,-0.051745384806394575,0.15321199164781718,0.0012433145919814705
1772556053944294100,1.416294189453125,-0.08351531855463981,0.14644406841546295,0.00925864406954497
1772556053954225400,1.426225341796875,-0.1189040273219347,0.13306027070730925,0.04267071900162846
1772556053964157200,1.4361572265625,-0.1481827287763357,0.1050890716549009,0.07032707995120435
1772556053974088200,1.446088134765625,-0.16841010876893997,0.10956439043805002,0.052893130069412285
1772556053984019200,1.456019287109375,-0.18051906423568725,0.1345621997028589,0.028923129482381044
1772556053993950200,1.4659501953125,-0.1811959405839443,0.17342432020176202,0.023150902756489813
1772556054003881200,1.475881103515625,-0.12609013943374156,0.16107519930358974,0.014632628725469112
1772556054013812200,1.485812255859375,-0.06185410636663437,0.1327986971616745,0.009153722390346229
1772556054023743200,1.4957431640625,0.0010953940212726592,0.10944233496095984,0.017657529504597185
1772556054033674200,1.50567431640625,0.048230070161819454,0.10552625749576836,0.03982048066966235
1772556054043605000,1.51560498046875,0.08433364920020103,0.1035309920253232,0.04773439559936523
1772556054053536300,1.525536376953125,0.08351941020786761,0.1068104886200279,0.045669097100012004
1772556054063467300,1.53546728515625,0.07227437809407711,0.09868691299501806,0.05659768367577344
1772556054073398000,1.54539794921875,0.07752163109779357,0.0998422935752198,0.062420179284177715
1772556054083330000,1.555330078125,0.06495324142575264,0.10957882082220166,0.0631997488219291
1772556054093261300,1.56526123046875,0.015106383717060088,0.11977920272126794,0.07516998993773012
1772556054103192000,1.575192138671875,-0.02999532529115677,0.13715725769735873,0.07699399049449712
1772556054113123000,1.585123046875,-0.07888064449131488,0.1433989285659045,0.07004227166045457
1772556054123054300,1.595054443359375,-0.09681143797934055,0.14864943297263233,0.07080562071576714
1772556054132985000,1.604985107421875,-0.08630757962167263,0.1379227256445214,0.06440653079580515
1772556054142916000,1.614916015625,-0.0666495239496231,0.13128697742447257,0.07480959566012024
1772556054152847400,1.624847412109375,-0.06641220806241036,0.11404109746068715,0.09544369329009204
1772556054162778000,1.634778076171875,-0.0588332972407341,0.09346515975873917,0.11309570636935531
1772556054172709000,1.644709228515625,-0.07145254031717777,0.09020900750700384,0.11774477428421377
1772556054182640400,1.654640380859375,-0.08618190741539002,0.10765768003389238,0.0970966846615076
1772556054192572200,1.664572265625,-0.08058686388731003,0.12939177479501812,0.08802424734644591
1772556054202503200,1.674503173828125,-0.09851531928777695,0.1228405265206471,0.07803305121865123
1772556054212434200,1.68443408203125,-0.0906003083795309,0.12893139074165375,0.058764542853459716
1772556054222365200,1.694365234375,-0.05351940874159336,0.12653919837549327,0.052553011394850906
1772556054232296200,1.704296142578125,-0.03367489058673381,0.10018087787982076,0.07195734803415835
1772556054242227200,1.714227294921875,-0.04334346716403961,0.10216679100003093,0.08420699061322957
1772556054252158200,1.724158203125,-0.012615151423215865,0.12955050902068616,0.08688640242293477
1772556054262089200,1.734089111328125,0.04689093051254749,0.10952424109075218,0.06748747261110692
1772556054272020200,1.744020263671875,0.07100479654967784,0.09460537930242717,0.036638453100062904
1772556054281951200,1.753951171875,0.05339958175420761,0.09108056617714465,0.007578837756440043
1772556054291882200,1.76388232421875,0.03760813838243484,0.11683123963586986,0.03236658446714282
1772556054301814300,1.773814208984375,0.03992576767504215,0.1292181352611631,0.04577745284531265
1772556054311745300,1.783745361328125,0.01923427730202675,0.11806008731108159,0.04856551266126334
1772556054321676500,1.793676513671875,0.0008113163828849792,0.09523516510594636,0.05206913686804473
1772556054331607600,1.803607666015625,-0.04055705131590366,0.083314717948623,0.0684695789836347
1772556054341538300,1.813538330078125,-0.06670856066048145,0.10598298828732222,0.08513692840710282
1772556054351469600,1.823469482421875,-0.0728670832902193,0.11516133366227149,0.06503145776111632
1772556054361400600,1.833400634765625,-0.04284428547024727,0.1316275344904512,0.03376377444658428
1772556054371331300,1.843331298828125,-0.014780805024504661,0.14969302374143154,0.011563888804614543
1772556054381262600,1.8532626953125,0.03260638457238674,0.15424122509770094,0.005283931752294302
1772556054391193300,1.863193359375,0.05725859526991844,0.1300760672647506,0.02279350415356457
1772556054401124400,1.873124267578125,0.04000935430526733,0.09087667763549834,0.04700662931408733
1772556054411055600,1.8830556640625,0.04328092332184314,0.07658168336655945,0.06069474373105913
1772556054420987600,1.892987548828125,0.035819501399993896,0.06393891328405589,0.05107767814528197
1772556054430918400,1.90291845703125,-0.013821604603528976,0.07940572781134396,0.007912197896651924
1772556054440849700,1.912849609375,-0.05313362429440021,0.10816460664272308,-0.04938925013430416
1772556054450780400,1.922780517578125,-0.0786924284428358,0.13857654991075397,-0.061679151658527546
1772556054460711400,1.93271142578125,-0.08751812445521354,0.1456132070818916,-0.08162954134065657
1772556054470642700,1.942642578125,-0.06896423063278198,0.12762509391605853,-0.0657584203287959
1772556054480573400,1.952573486328125,-0.07821955023407935,0.1151789423841983,-0.031074571895226836
1772556054490504400,1.96250439453125,-0.08759235873520374,0.09254694893527775,0.01558280558977276
1772556054500435700,1.972435791015625,-0.09531272385418414,0.0913799875151366,0.022709807925485073
1772556054510366500,1.982366455078125,-0.0865741216033697,0.10242051003277301,0.004952142514660954
1772556054520297500,1.99229736328125,-0.06407587406933307,0.13643628647904843,-0.009990757736377417
1772556054530229500,2.0022294921875,-0.0206435595780611,0.16448150061573832,-0.025565562682785092
1772556054540160500,2.012160400390625,0.00317453838288784,0.1692035241689533,-0.029184812625870107
1772556054550091500,2.022091552734375,0.00651683454811573,0.15356460447777062,-0.015478541497699916
1772556054560022500,2.0320224609375,0.00208440505862236,0.12479228164292872,0.004645378120429813
1772556054569953500,2.04195361328125,-0.020620763224363327,0.10804163785018026,0.03432783807013184
1772556054579884500,2.051884521484375,-0.015067805272340773,0.12392729884404688,0.034819640175066884
1772556054589815300,2.061815185546875,0.0009527706801891326,0.1356240202480927,0.017254574726894498
1772556054599746600,2.07174658203125,0.005008183550834655,0.13796769729740918,0.010948496852628886
1772556054609677600,2.081677490234375,0.024820553001761433,0.1345080948954448,0.003990750136598944
1772556054619608300,2.0916083984375,0.05710252792537212,0.1246605450220406,0.020992921005003152
1772556054629539600,2.10153955078125,0.0830102916419506,0.11247585743796079,0.03712820937838405
1772556054639470600,2.111470703125,0.1066039331972599,0.10241203446537256,0.03421265072524547
1772556054649402400,2.12140234375,0.10151859275698662,0.10756342587918043,0.001221431553736329
1772556054659333400,2.13133349609375,0.05572948600649833,0.12657182200346143,-0.008347630171850324
1772556054669264600,2.1412646484375,0.011082535028457642,0.15448073294200002,0.0016269070820882916
1772556054679195400,2.1511953125,-0.015216273832321166,0.17352368892300873,0.021203714211471377
1772556054689126400,2.16112646484375,-0.030299861195683477,0.16132099075820297,0.04574614439159631
1772556054699057700,2.1710576171875,-0.01182721591591835,0.13655191221535204,0.041027481839247044
1772556054708988400,2.180988525390625,-0.026098902374505996,0.1261519160909578,0.03353964683450758
1772556054718919400,2.19091943359375,-0.034378070420026774,0.13205533144846557,0.035799591123126445
1772556054728850700,2.2008505859375,-0.044346506726741786,0.14357793839462102,0.03771558081228286
1772556054738781400,2.210781494140625,-0.047049920466542244,0.16922230193465948,0.04441482272259891
1772556054748712400,2.22071240234375,-0.02334112809896469,0.22403792449925095,0.029982392744347452
1772556054758643500,2.2306435546875,0.009583236381411552,0.2898260458465665,0.015533559620566665
1772556054768575500,2.240575439453125,0.02062719296514988,0.36878541812989857,0.009139474669285119
1772556054778506500,2.250506591796875,-0.019383914905786514,0.4688964821765199,-0.045004239983111614
1772556054788437500,2.2604375,-0.19042144956886767,0.505243879908137,-0.06869827317297458
1772556054798368500,2.270368408203125,-0.325426716864109,0.482125162388198,0.03946001332681626
1772556054808299500,2.280299560546875,-0.3602431787014007,0.5024692640956491,0.05702982801534235
1772556054818230300,2.290230224609375,-0.32490649238228797,0.5461117872714996,-0.034044089225307106
1772556054828161500,2.30016162109375,-0.313902867808938,0.6434831972211599,-0.1866006491716951
1772556054838092500,2.310092529296875,-0.2968763296842575,0.6992020157031714,-0.29296266337186094
1772556054848023300,2.320023193359375,-0.30383272469341754,0.65636321012564,-0.28016521418429907
1772556054857954600,2.32995458984375,-0.2673404385983944,0.4677213739825412,-0.1631480235222727
1772556054867885600,2.339885498046875,-0.5658370629608631,0.2747725978931412,-0.2494379213567823
1772556054877817300,2.3498173828125,-0.04489595730304718,0.13364848239142446,0.5419897389054298
1772556054887748400,2.359748291015625,0.22642975153923034,-0.17012589971087871,0.6780150699634104
1772556054897679600,2.3696796875,0.36158056478500367,-0.29740554119013246,0.24556400253288446
1772556054907610400,2.3796103515625,0.2800935371875763,-0.19375808317828921,0.4517289646785706
1772556054917541400,2.389541259765625,0.19549802218079565,-0.11555654352493583,0.4338753280799836
1772556054927472600,2.39947265625,0.12322481313049792,-0.09981416345927864,0.3214145586133003
1772556054937403400,2.4094033203125,-0.0007312368839979171,-0.09580405103508383,0.3191611536633223
1772556054947334400,2.41933447265625,-0.06217150175273418,-0.11620320739801973,0.3170799634750932
1772556054957265400,2.429265380859375,-0.08025485545396804,-0.1142703031066805,0.2998696662813425
1772556054967196400,2.439196533203125,-0.06501403170228004,-0.10482610986977815,0.25358809983879327
1772556054977127700,2.449127685546875,0.012144026780128478,-0.08504607178587466,0.204858336526528
1772556054987058400,2.459058349609375,0.06969020681977271,-0.09785323864985257,0.1848237756922841
1772556054996989400,2.468989501953125,0.09186170661747455,-0.1069340054018423,0.16603643844015895
1772556055006921500,2.47892138671875,0.11980009937882423,-0.09427132504247128,0.11757255952246487
1772556055016852500,2.4888525390625,0.15701777713894843,-0.07327665047179907,0.06352138199172913
1772556055026783500,2.498783447265625,0.16276713444590568,-0.06895564546752721,-0.004820625089481473
1772556055036714500,2.508714599609375,0.13970306972265242,-0.07235047553759068,-0.030417130899801848
1772556055046645500,2.5186455078125,0.13695698588490485,-0.02973320375625044,-0.0833025525867939
1772556055056576500,2.528576416015625,0.17793547748327254,0.012040054949000477,-0.17491108816079795
1772556055066507500,2.538507568359375,0.21942308764755725,0.05175261826477945,-0.27321086500175296
1772556055076438500,2.5484384765625,0.229423672658205,0.0838419201605022,-0.3700944914344698
1772556055086369500,2.55836962890625,0.20253040503561495,0.1343912270501256,-0.44164764258190986
1772556055096300500,2.568300537109375,0.16507774947583675,0.17505641491562127,-0.49032282616272566
1772556055106231600,2.5782314453125,0.0649982496112585,0.18367087933011353,-0.5150932564124465
1772556055116162600,2.58816259765625,-0.06256956115961075,0.17614461201112716,-0.4891268943764269
1772556055126094600,2.598094482421875,-0.18024083181619643,0.14681889307722448,-0.4381888804301619
1772556055136025300,2.608025390625,-0.31111294482946394,0.1305660792713985,-0.3669411419700831
1772556055145956600,2.61795654296875,-0.37995267229974267,0.14828944055382162,-0.32235812307372685
1772556055155887600,2.6278876953125,-0.4571797043651342,0.16499124023616313,-0.2903419594794512
1772556055165818400,2.637818359375,-0.5079191269993781,0.20012075007800012,-0.314174232096225
1772556055175749600,2.64774951171875,-0.4901964233040809,0.27011728290058673,-0.3687659462444484
1772556055185680400,2.657680419921875,-0.42261634050607677,0.32700741018429397,-0.4480438464250415
1772556055195611400,2.667611328125,-0.36406887446939945,0.3265856776408851,-0.5153411667589098
1772556055205542700,2.677542724609375,-0.3378670962423086,0.3404264618689194,-0.5379739273928106
1772556055215473400,2.687473388671875,-0.33039690649211406,0.3597787029948085,-0.48987310963384806
1772556055225404400,2.697404296875,-0.37035073121786116,0.3699205231070518,-0.40492885425463315
1772556055235336400,2.70733642578125,-0.41016485521197316,0.3731727663686499,-0.2949034952413291
1772556055245267500,2.717267333984375,-0.4322100982815027,0.39211156785544005,-0.15398768872804938
1772556055255198500,2.727198486328125,-0.3860679403096437,0.3991895434176549,-0.029387130264937875
1772556055265129500,2.73712939453125,-0.3000409311950207,0.3361515244960785,0.05872084984220564
1772556055275060500,2.747060546875,-0.17420798139274118,0.23346487434040752,0.09255502264387905
1772556055284991500,2.756991455078125,-0.02795826650559902,0.16017134579904377,0.14965875614564864
1772556055294922500,2.766922607421875,0.09180617703795432,0.1283783234361559,0.19003146387059242
1772556055304853500,2.776853515625,0.18781155933141708,0.11605426391400396,0.21421156354434787
1772556055314784000,2.786783935546875,0.2565881584376097,0.12902458545044063,0.1941791581345722
1772556055324715000,2.796715087890625,0.29629531492590905,0.12675912473648787,0.1958062844123691
1772556055334646000,2.80664599609375,0.30041444068253037,0.13404453250430523,0.22173889030925928
1772556055344577000,2.816576904296875,0.3409913657426834,0.10797427170239389,0.21743469030931592
1772556055354508000,2.826508056640625,0.4046691804051399,0.07111600183919072,0.18692447429858147
1772556055364440000,2.836440185546875,0.46472295935153957,0.04580693466812372,0.14967377105168997
1772556055374371000,2.84637109375,0.48897126542329783,0.029186273930594323,0.1094643641296774
1772556055384301800,2.8563017578125,0.4512082287400961,0.03656652037501335,0.03573876431398094
1772556055394233000,2.866233154296875,0.38736031820774075,0.045059111975505946,-0.016323358291387556
1772556055404164000,2.8761640625,0.295707870426774,0.03339373555779457,-0.0341541254710406
1772556055414094800,2.8860947265625,0.17258417958319186,0.032579277369752524,-0.01777589518725872
1772556055424026000,2.896026123046875,0.07917699708938598,0.024259631183370947,0.007820683688297867
1772556055433957000,2.90595703125,-0.00930792657136917,-0.019690058245509862,0.04817877836599946
1772556055443887900,2.915887939453125,-0.11510288147330283,-0.08068316386863589,0.09910937619078904
1772556055453819100,2.925819091796875,-0.21244389628469942,-0.080191069502756,0.165616751723364
1772556055463750000,2.93575,-0.26822482021749017,-0.052246758457273244,0.2147840662026778
1772556055473681000,2.945680908203125,-0.29072715940475463,-0.03600194529481232,0.21952914183791725
1772556055483613000,2.955613037109375,-0.28514848248958585,-0.02476889587976038,0.1870427303833887
1772556055493544200,2.965544189453125,-0.2598439453631639,-0.04519844738095998,0.1625236445462331
1772556055503475000,2.975474853515625,-0.2564256613522768,-0.08690444953627884,0.18938246190994976
1772556055513406000,2.985406005859375,-0.26066695218384267,-0.1099503210157156,0.2642506558895111
1772556055523337000,2.9953369140625,-0.2601666014462709,-0.14257884435467422,0.329589718295075
1772556055533268000,3.00526806640625,-0.27376082703471183,-0.17553177734240888,0.3969217080835253
1772556055543199000,3.015198974609375,-0.25743454613387584,-0.17456468587592244,0.448665412389487
1772556055553130000,3.0251298828125,-0.19016075280606745,-0.14424385495744646,0.4847745078532025
1772556055563061000,3.03506103515625,-0.1313946755826473,-0.10915851305089891,0.48893067768458276
1772556055572992000,3.044991943359375,-0.06732756934165954,-0.06391556894108652,0.4537831207294017
1772556055582923000,3.054923095703125,-0.04252630556225776,0.011138064607977867,0.3901978066559881
1772556055592854000,3.06485400390625,-0.02576104872226715,0.0937840529821813,0.3139912036795169
1772556055602786000,3.0747861328125,-0.015298106896877288,0.1877200085904449,0.21546364596467463
1772556055612716800,3.084716796875,-0.002672434079647064,0.25869835552461445,0.1380488727748394
1772556055622648000,3.09464794921875,0.012079729372262954,0.317831950886175,0.11182882823869586
1772556055632579000,3.1045791015625,0.04271802874207496,0.362917074085772,0.1183214781936258
1772556055642509800,3.114509765625,0.11145371131598948,0.37430977104194463,0.1396690578551963
1772556055652441000,3.124441162109375,0.21389643318057058,0.3790620070703327,0.13027893289308995
1772556055662372000,3.1343720703125,0.30795185045003887,0.36936888057366013,0.11646251592133193
1772556055672302800,3.144302734375,0.38846448005735873,0.3368663947671652,0.09651453739199786
1772556055682234000,3.154234130859375,0.47474108001887794,0.31331162391752004,0.08393843933753668
1772556055692164900,3.164164794921875,0.5248989033728838,0.28675504090338944,0.08428707011211663
1772556055702096000,3.174095947265625,0.556463669937849,0.27268691419288515,0.08743939666319638
1772556055712027100,3.184027099609375,0.5845896942257881,0.24521533522568642,0.05511639560945332
1772556055721959000,3.193958984375,0.5402449410647153,0.17861520337574183,0.02548263363968581
1772556055731890000,3.203889892578125,0.4681301374465227,0.09633410279117524,0.02523812082670629
1772556055741821000,3.213821044921875,0.35337680006325245,0.03281359758228063,0.038696664271503686
1772556055751752000,3.223751953125,0.2953372835487127,-0.01049479826837778,0.046427221990935505
1772556055761683000,3.233682861328125,0.2512415367126465,-0.03924297304265201,0.037058285947330294
1772556055771614000,3.243614013671875,0.16841420042216776,-0.05980228840336203,0.02990293429996818
1772556055781545000,3.253544921875,0.07227905426919459,-0.07197283786423504,-0.0008267696803435683
1772556055791476000,3.26347607421875,-0.034058921468257904,-0.05885660505108535,-0.003984393461048603
1772556055801407000,3.273406982421875,-0.18516893586814404,-0.0371366484131664,-0.05106788740362972
1772556055811338000,3.283337890625,-0.36700317435562607,0.0071482643194496626,-0.08187445601243526
1772556055821269000,3.29326904296875,-0.5242728804290294,0.061429085887596005,-0.10179689824171363
1772556055831200000,3.303199951171875,-0.6370896967917681,0.09057210519835353,-0.14693097514957187
1772556055841131000,3.313131103515625,-0.6804770030975341,0.09878398016132414,-0.18648999187145382
1772556055851063000,3.32306298828125,-0.7277887893706559,0.09650653674863278,-0.16119608573690056
1772556055860994000,3.332994140625,-0.7382113991856575,0.11271116403117776,-0.11515559804122895
1772556055870925000,3.342925048828125,-0.6929097836911677,0.1316477004956454,-0.095249595490098
1772556055880856000,3.35285595703125,-0.6221878957360982,0.13423143337853252,-0.06528634583763777
1772556055890786800,3.362786865234375,-0.4828559974133968,0.13976451758630573,-0.058777913791686294
1772556055900718000,3.372718017578125,-0.2931505871593952,0.12488580514527857,-0.04670954606365412
1772556055910649000,3.382649169921875,-0.1198667348742485,0.10896620534919202,-0.024969861811958254
1772556055920579800,3.392579833984375,0.015671616384387015,0.08923515750616788,-0.024734080294705925
1772556055930511000,3.402510986328125,0.1089957967698574,0.07989924694932997,-0.018532303045131267
1772556055940442000,3.412442138671875,0.14795827237069606,0.08543751878887415,-0.0010464037803933023
1772556055950372900,3.422372802734375,0.14989713147878647,0.10826149114593862,0.027804318052902816
1772556055960304000,3.43230419921875,0.16791034255325793,0.1477978211119771,0.052240146053396164
1772556055970236200,3.442236083984375,0.1981026517212391,0.17554178727976977,0.07483144216574728
1772556055980167000,3.4521669921875,0.20802081914544104,0.19654519314616917,0.06237323486991226
1772556055990098000,3.462097900390625,0.21669103233516215,0.20630005976743995,0.015193440946005284
1772556056000029200,3.472029296875,0.20619535728394983,0.21347470063716173,-0.02116108064614236
1772556056009960000,3.4819599609375,0.17362521306872367,0.2169330243974924,-0.029459903240203856
1772556056019891000,3.491890869140625,0.13507131826877594,0.22781506841778754,-0.0050927565617486835
1772556056029822200,3.501822265625,0.10786942308843135,0.23235271184742448,0.0241627832127735
1772556056039753000,3.5117529296875,0.11123217751979828,0.2033259393274784,0.03181457660757005
1772556056049684000,3.52168408203125,0.13674889609217644,0.1587829601805657,0.006641301178000867
1772556056059615000,3.531614990234375,0.16982348269820213,0.09704583125710486,-0.0023217574784532187
1772556056069546000,3.5415458984375,0.16476561478674412,0.06979016006290913,-0.02156626391354948
1772556056079477000,3.55147705078125,0.13139642914831637,0.08890431811660528,-0.060931328965909776
1772556056089408800,3.56140869140625,0.08696282866001129,0.1338142308797687,-0.09562639291323721
1772556056099340000,3.571340087890625,0.03332300840914249,0.1859681964870542,-0.10611414038632064
1772556056109271000,3.58127099609375,-0.003033668607473373,0.18616152710206804,-0.12312387350667267
1772556056119201800,3.591201904296875,-0.02570084296762943,0.1567198171056807,-0.09828870745766907
1772556056129133000,3.601133056640625,-0.028850831431150435,0.1242454614151269,-0.0904240750297904
1772556056139064000,3.61106396484375,-0.07591244233548641,0.08532974756546317,-0.06842168472129852
1772556056148994800,3.620994873046875,-0.12158639827370643,0.034870237851142884,-0.07728179445993155
1772556056158926000,3.630926025390625,-0.11736848831772803,0.028895401225239037,-0.09801964472532272
1772556056168857000,3.640857177734375,-0.10288929658830165,0.03315992680191993,-0.11278766333349048
1772556056178787800,3.650787841796875,-0.08308920209705829,0.021883988093212247,-0.09537413518521934
1772556056188719000,3.660718994140625,-0.05871697738468647,0.011127616279199719,-0.07906732616983353
1772556056198649900,3.67064990234375,-0.01844458822906017,0.009542831305786967,-0.06148340989071875
1772556056208580900,3.680580810546875,-0.0018500117808580398,0.003994914855062961,-0.0751596512068063
1772556056218513000,3.690512939453125,-0.05341477932333946,-0.02219590358659625,-0.06992923974003643
1772556056228444200,3.700444091796875,-0.1327887602895498,-0.010553908044472336,-0.06336268429867922
1772556056238375000,3.710375,-0.18418869265913962,0.024593320117145774,-0.05699738705046475
1772556056248306000,3.720305908203125,-0.20462182435691356,0.058322059782966965,-0.049944253668561575
1772556056258237000,3.73023681640625,-0.20037527282834053,0.08249313590005039,-0.03055175359752029
1772556056268168000,3.74016796875,-0.1669271767348051,0.07020473221316934,-0.014404957449436187
1772556056278099000,3.750098876953125,-0.1369102241337299,0.0706163086887449,0.0353875031908974
1772556056288030000,3.760030029296875,-0.11231471205949782,0.1062812040489167,0.0696786259798333
1772556056297961000,3.7699609375,-0.0750105250597,0.13666888965852558,0.09385660676173865
1772556056307892000,3.77989208984375,-0.04888473467826843,0.14312646830007433,0.10350103527847677
1772556056317823000,3.789822998046875,-0.013818097472190856,0.14326653435789047,0.09196754161212593
1772556056327753700,3.799753662109375,-0.02598492060601711,0.14011194278448819,0.08953220422398299
1772556056337685800,3.809685791015625,-0.08115151203274726,0.14876440112181008,0.10295096364766358
1772556056347617000,3.819616943359375,-0.10649579664766788,0.17003887901455164,0.10806052521374077
1772556056357547800,3.8295478515625,-0.12288812852203845,0.19536752766892312,0.10344711313415318
1772556056367478800,3.839478759765625,-0.12555822451412676,0.1892684801414609,0.10274144908282905
1772556056377410000,3.84941015625,-0.08156359996497631,0.17768259870074687,0.1262842372337356
1772556056387340800,3.8593408203125,-0.013407763105630873,0.14579188811704516,0.1654818002320826
1772556056397271800,3.869271728515625,0.03469195867478847,0.11007241302542388,0.1428313212784007
1772556056407202800,3.879202880859375,0.08908639668524265,0.10062843898423016,0.08771386622302234
1772556056417133800,3.8891337890625,0.15880232246816156,0.0933330212790519,0.042390148494578894
1772556056427064800,3.89906494140625,0.22284020261466503,0.06888816972188651,0.00502239473927766
1772556056436995800,3.908995849609375,0.2648421920418739,0.02785984763242304,-0.019872502140328287
1772556056446926800,3.9189267578125,0.2714472893953323,0.009036416153609752,-0.007931523651629685
1772556056456857900,3.92885791015625,0.25645781005620955,0.024941183706745505,0.007149871754646301
1772556056466789600,3.93878955078125,0.213390237224102,0.0281377147257328,-0.008941577477008104
1772556056476721000,3.948720947265625,0.11146423271000384,0.03555668574534356,-0.04110471179392189
1772556056486652000,3.95865185546875,0.008514730367064476,0.06842289029769599,-0.059012343602068716
1772556056496582700,3.968582763671875,-0.07974924401938915,0.09757526195868849,-0.03656195379775017
1772556056506514000,3.978513916015625,-0.18705986418128012,0.11778656759932636,0.015448767413944004
1772556056516445000,3.98844482421875,-0.24787819775938985,0.13909699358828365,0.05247373561356217
1772556056526375700,3.998375732421875,-0.25340719031393527,0.126395625186339,0.09362732805050909
1772556056536307000,4.008306884765625,-0.25094226150512694,0.09355915818512439,0.12345913334302604
1772556056546238000,4.018238037109375,-0.21847440862059592,0.09986812213622033,0.13335662330538034
1772556056556168700,4.028168701171875,-0.18618834204375742,0.12579217940047382,0.12374828901533037
1772556056566100000,4.038099853515625,-0.16228139675557612,0.13245002985447643,0.09791950881909578
1772556056576030700,4.04803076171875,-0.1207072773516178,0.1319096393674612,0.08429539954904466
1772556056585962800,4.057962646484375,-0.09889701208174229,0.1323531453512609,0.09544844253044575
1772556056595893800,4.067893798828125,-0.06842413240671158,0.11487703682817518,0.11561875857356935
1772556056605824800,4.07782470703125,-0.046209962511062616,0.09091134709008038,0.14085761005263775
1772556056615755800,4.087755859375,-0.02313946804702282,0.06246215526238084,0.15687862439658493
1772556056625686800,4.097686767578125,0.026668811216950417,0.04634308737143874,0.1776819045810029
1772556056635617800,4.10761767578125,0.07360591895878314,0.039703941617906094,0.17652944661024958
1772556056645548800,4.117548828125,0.12326105348765849,0.03396897816248238,0.1762259336190298
1772556056655479800,4.127479736328125,0.19051731115877626,0.02404686521552503,0.15494005754943938
1772556056665410800,4.137410888671875,0.2219260103791952,0.007087108716741204,0.11987042466867714
1772556056675341800,4.147341796875,0.21582944706976412,0.008727788595855235,0.09540979102049023
1772556056685272800,4.15727294921875,0.17875556169450282,0.010862170276045798,0.0692323800496757
1772556056695203800,4.167203857421875,0.1114133793056011,0.03299713745564222,0.040106786797754465
1772556056705134800,4.177134765625,0.021972177833318708,0.05262954722978174,0.008960099514387547
1772556056715067000,4.18706689453125,-0.09072948771715164,0.09504632800295948,-0.010045483598299324
1772556056724997600,4.19699755859375,-0.14118307914733885,0.13598587583042682,-0.016848039752617477
1772556056734929000,4.206928955078125,-0.15540449672341347,0.14943272883743047,-0.024839294234849513
1772556056744860000,4.21685986328125,-0.13875146808624267,0.13025544241964818,-0.013696736114844678
1772556056754790700,4.226790771484375,-0.13864040892720222,0.12884762144833803,-0.020917700344324112
1772556056764722000,4.236721923828125,-0.12930208721756933,0.11730324106179177,-0.022855244278162715
1772556056774652700,4.246652587890625,-0.10638064583539962,0.10200973727479576,-0.03356916518993675
1772556056784583700,4.256583740234375,-0.08855798889696598,0.08207008818238973,-0.057473699325323105
1772556056794515000,4.266514892578125,-0.09697568863034248,0.07606544094011188,-0.07245656626056879
1772556056804445700,4.27644580078125,-0.10770283434987067,0.08118256475813686,-0.05486797380633652
1772556056814376700,4.286376708984375,-0.08507365391254425,0.08888970506936311,-0.05355732959918678
1772556056824308000,4.296307861328125,-0.05554711517691612,0.06393916901238263,-0.0418926107686013
1772556056834238700,4.30623876953125,-0.037083822247385975,0.039849560633674265,-0.03581668838839978
1772556056844170800,4.316170654296875,-0.036565351331233974,0.04380355895645916,-0.04800444471240043
1772556056854102000,4.32610205078125,-0.0366471843957901,0.06681260555684566,-0.059277424279041584
1772556056864032800,4.33603271484375,-0.03998538890779018,0.08572093884013593,-0.06456504582576453
1772556056873963800,4.3459638671875,-0.07382686823308468,0.10061448352411388,-0.054709824102558195
1772556056883895000,4.35589501953125,-0.10353519327640533,0.11420907443873583,-0.026888189588673412
1772556056893825800,4.36582568359375,-0.10588029509782791,0.1445386001203209,-0.01518328487817198
1772556056903756800,4.3757568359375,-0.09102876292467117,0.15464542198441922,-0.001765511835180223
1772556056913688000,4.38568798828125,-0.07798807956576347,0.15996369439773261,0.022806436700373887
1772556056923618800,4.395618896484375,-0.05926701248288154,0.17047084069103002,0.05751238736789673
1772556056933549800,4.4055498046875,-0.029919921967387197,0.1830450755819678,0.07112367368899285
1772556056943480800,4.415480712890625,0.017127660411596298,0.19015790326185522,0.08205847080983221
1772556056953411800,4.425411865234375,0.03191840230822563,0.19648710628338156,0.11169106373582034
1772556056963344000,4.43534375,0.03341594738960266,0.19634864766076207,0.12066789518930017
1772556056973275000,4.44527490234375,0.014229600882530212,0.1915929045010358,0.1271461878253147
1772556056983206000,4.455205810546875,-0.029724107134342193,0.189346148487553,0.13641834896355867
1772556056993137000,4.465136962890625,-0.02530044547319412,0.20115699779056012,0.11853789742328226
1772556057003067600,4.475067626953125,0.028636896419525146,0.19621428069137037,0.10348762780763208
1772556057012999000,4.4849990234375,0.12640110507905483,0.17833346382491289,0.07839925418253987
1772556057022930000,4.494929931640625,0.20001812995374202,0.14102430838905275,0.028614136598445472
1772556057032860700,4.504860595703125,0.1847778907239437,0.09748466106578707,0.008612053261697292
1772556057042792000,4.5147919921875,0.1209556991547346,0.07308123749755323,0.019464323198236523
1772556057052723000,4.524722900390625,0.0745054981470108,0.08398563948012888,0.02806727983802557
1772556057062653700,4.53465380859375,0.02934942860305309,0.08034129162840545,0.029584406402707097
1772556057072585000,4.5445849609375,-0.05516366881728172,0.06374934552870691,0.04578088691141456
1772556057082515700,4.554515625,-0.13298282155692576,0.08067023132182657,0.07687405390925706
1772556057092446700,4.56444677734375,-0.12742518742978573,0.09013904754333198,0.08251790501512586
1772556057102378800,4.574378662109375,-0.08114800490140914,0.06817015764564276,0.03938829979747534
1772556057112310000,4.58431005859375,-0.02867722842991352,0.05038140297681093,-0.022853746440820395
1772556057122240800,4.59424072265625,-0.0004945055186748505,0.05150806891918182,-0.06291245631314814
1772556057132171800,4.604171875,0.010252513945102692,0.06794387460909783,-0.07609897788353263
1772556057142102800,4.614102783203125,-0.0239899473965168,0.08032236773222684,-0.07671981319561601
1772556057152033800,4.62403369140625,-0.06125847856104374,0.06772460583522916,-0.0575358047761023
1772556057161964800,4.63396484375,-0.10580781438350677,0.07758103313483297,-0.04663490992486476
1772556057171895800,4.643895751953125,-0.13792320056855678,0.09915376332178712,-0.04060772205721587
1772556057181826800,4.653826904296875,-0.15578034429848192,0.11520195793360472,-0.03955839566737413
1772556057191757800,4.6637578125,-0.11942600536942481,0.10304602151997387,-0.056957749159820374
1772556057201688800,4.673688720703125,-0.06215513513982296,0.09092610626779496,-0.09579089929256587
1772556057211619800,4.683619873046875,0.003707622346282005,0.06258541631586849,-0.12437212000209838
1772556057221551900,4.6935517578125,0.07121990060508251,0.027928675084933637,-0.14575491710752247
1772556057231482600,4.703482666015625,0.06933715559840202,0.013247092651203274,-0.1541693289052695
1772556057241414000,4.713413818359375,0.030287001714110372,0.01838598990961909,-0.16545962493289262
1772556057251345000,4.723344970703125,-0.048887072765827176,0.049630803805217144,-0.1736125727828592
1772556057261275600,4.733275634765625,-0.12337094360291957,0.10785568682402372,-0.16847477150298654
1772556057271207000,4.74320703125,-0.16221066960692404,0.16065518379323185,-0.16447755509298292
1772556057281138000,4.753137939453125,-0.16941665546298026,0.17789704516902566,-0.13777064035534858
1772556057291068700,4.763068603515625,-0.1644564027070999,0.18174056885465978,-0.1043733976662159
1772556057301000000,4.773,-0.15487141276001928,0.19244404143765567,-0.0736170979399234
1772556057310931700,4.782931640625,-0.12959843981564045,0.21145766172632574,-0.050638665673509234
1772556057320862700,4.79286279296875,-0.08752981489300728,0.21150544639080762,-0.0405134313698858
1772556057330793700,4.802793701171875,-0.052902153626084324,0.19786438598595557,-0.025383301451057196
1772556057340724700,4.812724853515625,-0.049969022783637046,0.20643033508360384,-0.005445844315737486
1772556057350656800,4.82265673828125,-0.054683191823959344,0.20970183103494344,0.0432961574235931
1772556057360587500,4.83258740234375,-0.03894493994414806,0.21637984749414024,0.0877574861690402
1772556057370518800,4.842518798828125,-0.019200375032424926,0.21582674365602433,0.1126527849074453
1772556057380449800,4.85244970703125,-0.016543723043799398,0.17590441004708407,0.14554931153282522
1772556057390380500,4.862380615234375,0.023493688312172887,0.15181085614562034,0.14988642742168157
1772556057400311800,4.872311767578125,0.08289163369834422,0.11076755568273365,0.16584219450969248
1772556057410242800,4.882242919921875,0.14600304664969443,0.08063771729171276,0.1570634063789621
1772556057420173600,4.892173583984375,0.20020400791466236,0.05243833550661802,0.14196137004345655
1772556057430104800,4.902104736328125,0.21261282311081886,0.03982259956151247,0.1219588848479092
1772556057440035800,4.912035888671875,0.16925474289953707,0.03862009190395474,0.08870525188054888
1772556057449966600,4.921966552734375,0.08880582617819309,0.04197992372587323,0.04779529547374695
1772556057459897900,4.93189794921875,-0.05883855793774127,0.03426138523779809,0.0733451125981286
1772556057469828600,4.94182861328125,-0.23405483959019183,0.02811645274199545,0.16070863101352006
1772556057479760600,4.9517607421875,-0.3198012781977653,0.055879708132147786,0.20242029572464523
1772556057489691600,4.961691650390625,-0.26792671405375,0.10528072176948189,0.16341701318938284
1772556057499622700,4.97162255859375,-0.18419512239992616,0.13702895514257252,0.15017843263819813
1772556057509553700,4.9815537109375,-0.10341127463579178,0.1271712126687169,0.11278364474549889
1772556057519484700,4.991484619140625,-0.043676060119271276,0.12310805488303303,0.07150770457051694
1772556057529415700,5.001415771484375,-0.019516016852855683,0.12114281922467052,0.04633786320704966
1772556057539346700,5.0113466796875,-0.012085574591159819,0.10403028331696987,0.03727061352375895
1772556057549277700,5.021277587890625,-0.04508534239530563,0.08799005281589925,0.04638550174105912
1772556057559208700,5.031208740234375,-0.05469663582742214,0.12614281946904957,0.09533022297825663
1772556057569139700,5.0411396484375,-0.039139001211524006,0.13398483820632098,0.1252930707719177
1772556057579070700,5.05107080078125,-0.01955927147269249,0.11932269112542271,0.13189791239704937
1772556057589001700,5.061001708984375,0.024414894810318947,0.1145943474292755,0.09614603287316859
1772556057598932700,5.0709326171875,0.07155366260409354,0.10836794719509779,0.053243185616098344
1772556057608864800,5.08086474609375,0.11125088222026824,0.1074802045751363,0.03442636654116213
1772556057618795500,5.09079541015625,0.12156652452945708,0.1178731499042362,0.03431158105507493
1772556057628726800,5.100726806640625,0.11684826383590698,0.11356040127165615,0.03797817727122456
1772556057638657800,5.11065771484375,0.10140928716361522,0.1154327710147947,0.04032952617034316
1772556057648588500,5.120588623046875,0.06413257269263267,0.1296137104500085,0.047743857547454534
1772556057658519800,5.130519775390625,0.03432370988428592,0.13337028650455177,0.06049290101602673
1772556057668450600,5.140450439453125,0.016515081471204757,0.12173092131093144,0.05676116714179515
1772556057678381600,5.150381591796875,0.01759060174822807,0.13230557988248765,0.050897572338022286
1772556057688312800,5.160312744140625,0.013294950380921364,0.11839220534227787,0.07206603257302194
1772556057698243600,5.17024365234375,0.022921441382169724,0.12838146524131297,0.07847191755995155
1772556057708174600,5.180174560546875,0.032412323305010794,0.14280512739121914,0.10682897412478923
1772556057718105900,5.19010595703125,0.043430560925602914,0.13883856184780596,0.08366502922363579
1772556057728036600,5.20003662109375,0.051777533510327337,0.1427225636743009,0.041348895813338456
1772556057737967600,5.209967529296875,0.05824293013215065,0.14889328819848596,-0.002995492021553218
1772556057747899600,5.219899658203125,0.03453881393969059,0.13533143050968646,-0.03707797702848911
1772556057757830700,5.22983056640625,-0.028849077865481375,0.11642733501009643,-0.03526164832152426
1772556057767761700,5.23976171875,-0.0809323163241148,0.11863142092563211,-0.007027158690430224
1772556057777692700,5.249692626953125,-0.10390578015446662,0.11918905480839312,-0.0025401860021054745
1772556057787623700,5.259623779296875,-0.09818798702955245,0.11154197412133217,0.00439779656752944
1772556057797554700,5.2695546875,-0.0932405937552452,0.10084953438900411,0.01688256307672709
1772556057807485700,5.279485595703125,-0.10088614007234573,0.09418415821567178,0.023533070474490523
1772556057817416700,5.289416748046875,-0.12443126631081104,0.08013042535670101,0.045178390973620114
1772556057827347700,5.29934765625,-0.1417132405012846,0.06162270876355469,0.039654914844408626
1772556057837278700,5.30927880859375,-0.15795125859677792,0.051865065663307904,0.021857721140794456
1772556057847209700,5.319209716796875,-0.14893383940458296,0.041562355900928376,0.01404975080359727
1772556057857140700,5.329140625,-0.1585042163044214,0.02872676666006446,0.017033881180919707
1772556057867071700,5.33907177734375,-0.13594985466897486,0.02791318525485694,0.023625571063533423
1772556057877003800,5.349003662109375,-0.1357224756538868,0.02946377569772303,0.015396525770053267
1772556057886934800,5.358934814453125,-0.13747662584483622,0.033470965512469406,0.00722567693721503
1772556057896865500,5.368865478515625,-0.11131751771569251,0.029868776302039622,-0.006139196874760091
1772556057906796800,5.378796875,-0.09794424140155315,0.05121909590996802,-0.023329218465462327
1772556057916727800,5.388727783203125,-0.08534545659124851,0.06189158883281052,-0.028877902101166544
1772556057926658600,5.398658447265625,-0.07563713252544403,0.07311806237660348,-0.044856392477639014
1772556057936589800,5.40858984375,-0.03358721230328083,0.07999744662679731,-0.03431172718554735
1772556057946520800,5.418520751953125,-0.0055909518748521805,0.07174670095816255,-0.019899390147253868
1772556057956451600,5.42845166015625,0.02947802341878414,0.07281717973388731,-0.015160634654946624
1772556057966382800,5.4383828125,0.06790507696866989,0.07919548259414733,0.009924524099752306
1772556057976313600,5.448313720703125,0.07271861473023891,0.09024104661308228,0.0045615722944959995
1772556057986244600,5.45824462890625,0.06664192516505718,0.11300408256314694,-0.01259999038670212
1772556057996176000,5.46817578125,0.05805120695233345,0.12832038270384072,-0.023685594155080616
1772556058006108000,5.47810791015625,0.04619418042004108,0.1413204417914152,-0.043511005750671024
1772556058016038700,5.48803857421875,0.05696691884696483,0.14686251302324235,-0.05243559556026011
1772556058025969700,5.4979697265625,0.06657353610396385,0.16081877685710788,-0.06655055708717554
1772556058035900700,5.507900634765625,0.05850538046061992,0.16903846980035303,-0.06428228336162865
1772556058045831700,5.517831787109375,0.053884734922647476,0.18733619690462947,-0.04627637881077826
1772556058055762700,5.5277626953125,0.0879039089024067,0.207521052929759,-0.04861958093605935
1772556058065693700,5.537693603515625,0.09415712407827377,0.1915868400864303,-0.030225407719984648
1772556058075624700,5.547624755859375,0.09136369396746158,0.17017865281142294,0.0005062324890866875
1772556058085555700,5.5575556640625,0.07502806071639061,0.1623779159326106,-0.0014865852959454059
1772556058095486700,5.56748681640625,0.05543839410543441,0.17310820345729588,-0.01832183863222599
1772556058105417700,5.577417724609375,0.06883329772949218,0.16623057277277112,-0.03526497278977185
1772556058115348700,5.5873486328125,0.08151274656057357,0.1538763373080641,-0.057258485672064124
1772556058125279700,5.59727978515625,0.08777706765234469,0.13453925721868873,-0.06630889381840825
1772556058135211800,5.607211669921875,0.0746405227035284,0.1304237847238779,-0.08666753550786524
1772556058145142800,5.617142822265625,0.08097673998773097,0.1058572795484215,-0.11096581820119171
1772556058155073500,5.627073486328125,0.06904431013166903,0.07141381574198603,-0.09833970699254423
1772556058165004800,5.6370048828125,0.039272272202372546,0.035893370353803036,-0.05969331160355359
1772556058174935800,5.646935791015625,0.05471709409356117,0.023002251533418894,-0.04676894810069352
1772556058184866600,5.656866455078125,0.06720189713537693,0.010078691748157143,-0.04000219391211867
1772556058194797800,5.6667978515625,0.04922551093995571,-0.010497355551645158,-0.025187377020157872
1772556058204728600,5.676728515625,-0.0019411971956491468,-0.00000789104551076889,-0.028478490987420082
1772556058214659600,5.68665966796875,-0.04862403791546821,0.014345336216688155,-0.03809077080022544
1772556058224590800,5.6965908203125,-0.13332593590617178,0.023612346255779265,-0.023452607383113354
1772556058234521600,5.706521484375,-0.18593232145607472,0.013529708984866738,0.012312898807320742
1772556058244452600,5.71645263671875,-0.23398761957287786,0.01976538850404322,0.043502676313742994
1772556058254383900,5.7263837890625,-0.28426351634860036,0.04058459690995514,0.08433938482124358
1772556058264314600,5.736314697265625,-0.31477789707779885,0.06070771281048655,0.10035051709199323
1772556058274246700,5.74624658203125,-0.3107102092474699,0.06844247178100049,0.11574552675839513
1772556058284177700,5.756177734375,-0.2995844195991754,0.082863138256222,0.13686406517075375
1772556058294108700,5.766108642578125,-0.25115911912620065,0.08477204061746597,0.15513753461660817
1772556058304039700,5.776039794921875,-0.20351240181028843,0.07160042435526848,0.1668279176114127
1772556058313970200,5.78597021484375,-0.11513093852400778,0.047189767328649754,0.1901888829220086
1772556058323901200,5.795901123046875,-0.04076631015241146,0.0428721963904798,0.19815511256083845
1772556058333832200,5.805832275390625,0.0012976385951042175,0.026448738725483416,0.20414576781038193
1772556058343763200,5.81576318359375,0.007317045015096664,0.02808430403806269,0.2034491090494208
1772556058353694200,5.825694091796875,0.01588672043979168,0.028596856670081612,0.19986699451263992
1772556058363625200,5.835625244140625,0.009633505263924598,0.024133155259490013,0.1835789997955784
1772556058373556200,5.84555615234375,-0.000682137045264244,0.043759719814732666,0.17819467640873043
1772556058383487200,5.8554873046875,-0.002970540243387222,0.06218728384375572,0.1804532689904794
1772556058393418200,5.865418212890625,0.018337620723247527,0.06738236826881766,0.17186839599665255
1772556058403349200,5.875349365234375,0.06300444544553756,0.07788659195266663,0.14116335153356194
1772556058413281300,5.88528125,0.12209259423017502,0.06856076439842582,0.09769775582719593
1772556058423212300,5.89521240234375,0.19328443778455257,0.06740735657960176,0.0582790608914569
1772556058433143000,5.90514306640625,0.2359206334620714,0.0519298745278269,0.03886310687959194
1772556058443074300,5.91507421875,0.22274141841530798,0.05171060575395822,0.007624138202890754
1772556058453005300,5.92500537109375,0.17422434800565242,0.05470832626521587,-0.007959653767570853
1772556058462936000,5.93493603515625,0.08789046489894389,0.07647329108864069,-0.018273688641563056
1772556058472867300,5.944867431640625,0.02172024889886379,0.10541830360926686,-0.03907083134613931
1772556058482798000,5.954798095703125,-0.08180091585218906,0.12652736180722712,-0.044845724953152234
1772556058492729000,5.96472900390625,-0.15161562583446503,0.157141695779562,-0.06739164755381644
1772556058502660400,5.974660400390625,-0.18726386232078074,0.17096256973072885,-0.07273183953799307
1772556058512591000,5.984591064453125,-0.20863515165150165,0.17517784933820366,-0.07248655954003333
1772556058522522000,5.994522216796875,-0.20044307736754416,0.17235490087196229,-0.08021108937747776
1772556058532453400,6.004453369140625,-0.1955564743697643,0.16010098397657274,-0.0833829608792439
1772556058542384000,6.014384033203125,-0.18668109399676322,0.1437836900997907,-0.07281761812530457
1772556058552316200,6.024316162109375,-0.18697861563861368,0.14096687911339104,-0.04232091918326914
1772556058562247200,6.0342470703125,-0.16980594704151153,0.16470190190076828,-0.025129290157370268
1772556058572178200,6.04417822265625,-0.146811440423131,0.16958397485390306,-0.006359963485971093
1772556058582109200,6.054109130859375,-0.13178572072684763,0.17336729278489946,0.007139898349903523
1772556058592040200,6.064040283203125,-0.10748305411934853,0.17893581363223493,0.03246284791585058
1772556058601971200,6.07397119140625,-0.08693886326253414,0.16969656838290392,0.05957344808354974
1772556058611902200,6.083902099609375,-0.059230772125720976,0.1631272729951888,0.07481036284510045
1772556058621833000,6.0938330078125,-0.010099953731894493,0.156160210461542,0.0814325574638322
1772556058631764200,6.10376416015625,0.03594225099682808,0.13734255113638938,0.107990601782687
1772556058641695200,6.1136953125,0.07908873428404331,0.10337189247347414,0.12190901782419532
1772556058651626000,6.1236259765625,0.11769757414162159,0.09540683187842368,0.11708031902611254
1772556058661557200,6.13355712890625,0.17450959468781946,0.09246858646944164,0.10484766411446034
1772556058671488300,6.14348828125,0.19445757321715354,0.06885624021366238,0.09980422658715396
1772556058681420000,6.153419921875,0.20011516058742998,0.061405120490118856,0.10108977288566529
1772556058691351300,6.163351318359375,0.1983802996188402,0.06875526405721902,0.09418624057490378
1772556058701282300,6.1732822265625,0.18034546123445033,0.07720730445161461,0.0818680262716487
1772556058711213000,6.183213134765625,0.17731646880209445,0.09895546427071093,0.05572714791893959
1772556058721144300,6.193144287109375,0.15413666874468326,0.09072904932573438,0.030347499729692935
1772556058731075300,6.203075439453125,0.11438333502709865,0.0763303024213761,0.02102145297974348
1772556058741006000,6.213006103515625,0.0425812506198883,0.06492628035359084,0.042450756108015776
1772556058750937300,6.222937255859375,-0.04548983154296875,0.07215235914960504,0.09769737223470583
1772556058760868400,6.232868408203125,-0.10640811836421489,0.09190379219353198,0.11853831754839048
1772556058770799000,6.242799072265625,-0.11406886225044727,0.10289791828617453,0.08827150010578334
1772556058780730400,6.25273046875,-0.12215572259426116,0.10377309368550777,0.020825163222663104
1772556058790661000,6.2626611328125,-0.1326104811131954,0.11241999906487762,-0.025266031746938825
1772556058800592100,6.272592041015625,-0.13064882565140723,0.1506617591757327,-0.053470655962731685
1772556058810523400,6.2825234375,-0.17092589098215102,0.1720944233048707,-0.07375303581189364
1772556058820454100,6.2924541015625,-0.19044483044445515,0.17304259087517856,-0.08014701116532087
1772556058830386200,6.30238623046875,-0.1805167261481285,0.1739063680976629,-0.07320296418108045
1772556058840317200,6.312317138671875,-0.17691490226387976,0.1559936217229813,-0.05668105111028999
1772556058850248200,6.322248291015625,-0.181881000238657,0.12441446130648255,-0.0439935285706073
1772556058860179200,6.33217919921875,-0.16805238137245176,0.10301014648899436,-0.05416647447347641
1772556058870110200,6.342110107421875,-0.16192659196853637,0.10637801548689603,-0.059601888726744795
1772556058880041200,6.352041259765625,-0.1534720673561096,0.11743651205264032,-0.05879201538227498
1772556058889972200,6.36197216796875,-0.10943827984035015,0.11407375762127339,-0.06994454690702259
1772556058899903200,6.3719033203125,-0.0645277094900608,0.1065580482289195,-0.0680867536785081
1772556058909834200,6.381834228515625,-0.023331191226840017,0.106125355900079,-0.0629284210672602
1772556058919765200,6.39176513671875,0.01639642352759838,0.10223404754996299,-0.06539665607800707
1772556058929696000,6.401696044921875,0.051825464305281635,0.10231734191924333,-0.07077381907170638
1772556058939627300,6.411627197265625,0.07907645932435989,0.110892789497599,-0.09966881843814626
1772556058949558300,6.421558349609375,0.07000409507453441,0.11250468167364597,-0.10989082764713093
1772556058959490300,6.431490234375,0.03221358586251735,0.11260003180690109,-0.10452849689638241
1772556058969421000,6.441421142578125,0.01625087757706642,0.11897928451523183,-0.09636511898394673
1772556058979352300,6.451352294921875,-0.013619944551587104,0.12749036162048577,-0.08446202482022344
1772556058989283000,6.461282958984375,-0.03149754654765129,0.12515388149693607,-0.10435226354664191
1772556058999214000,6.471214111328125,-0.007595277434587478,0.1192713262643665,-0.10702142795696853
1772556059009145300,6.481145263671875,-0.003260463100671768,0.13073475036919116,-0.10192260698061435
1772556059019076000,6.491076171875,-0.03812894738614559,0.12466003356538712,-0.08178991953413933
1772556059029007000,6.501007080078125,-0.07199380758702754,0.12730908676944672,-0.035559133430756625
1772556059038938400,6.5109384765625,-0.12461305261850357,0.12207805424816906,0.0065190265052020545
1772556059048869000,6.520869140625,-0.1475467689603567,0.1063588723950088,0.04644382606586441
1772556059058800000,6.530800048828125,-0.13764204553961754,0.10132526214197278,0.09784675411013886
1772556059068731400,6.5407314453125,-0.11506722563803196,0.08197313061393798,0.1283458094060421
1772556059078662100,6.550662109375,-0.07665069348216057,0.0633455870334059,0.1451597642259672
1772556059088593200,6.56059326171875,-0.048070495685935015,0.057068917916715145,0.10970739737162366
1772556059098525200,6.570525146484375,-0.0178115510225296,0.0453146211065352,0.08171362116122617
1772556059108456200,6.580456298828125,0.01746785215139389,0.058563978780061005,0.06341795814987272
1772556059118387200,6.59038720703125,0.03858955063521862,0.07680347289107739,0.03355583078432828
1772556059128318200,6.600318115234375,0.035194062978029246,0.07198445523679256,0.008143997358530759
1772556059138249200,6.610249267578125,0.006503975066542625,0.07449044670835137,0.003874119753297418
1772556059148180200,6.62018017578125,-0.017269699230790136,0.09433101934045553,0.019459921017754823
1772556059158111000,6.630111083984375,-0.03014847002625465,0.09597308745905757,0.028641846589278427
1772556059168042200,6.640042236328125,-0.028831542208790778,0.10186455665044486,0.02060214985543862
1772556059177973200,6.64997314453125,-0.017641455152630804,0.11043890825025737,0.004199753244780004
1772556059187904000,6.659904052734375,-0.00014729951620101928,0.12224683494381605,-0.0051174160789698355
1772556059197835300,6.669835205078125,-0.0012245733588933945,0.1082835568472743,-0.0014079488354735077
1772556059207766300,6.679766357421875,-0.014011574217677115,0.11239406090602277,0.010754472117871046
1772556059217697000,6.689697021484375,-0.006896189254522323,0.12999394193924962,0.0448835910118185
1772556059227628300,6.699628173828125,0.03748129713237285,0.11554828715324401,0.05611917944382876
1772556059237560300,6.709560302734375,0.04941781864166259,0.09737097155824304,0.06397155517833307
1772556059247491000,6.719490966796875,0.08113748350739479,0.10600450599938631,0.05470770521070808
1772556059257422300,6.72942236328125,0.10352058022916316,0.11145115403272211,0.036445597409084436
1772556059267353300,6.739353271484375,0.10968787068724632,0.09180157392807305,-0.01423203030163422
1772556059277284000,6.7492841796875,0.08671499137878418,0.09079948421344161,-0.026813224656321105
1772556059287215400,6.75921533203125,0.0489776736587286,0.105604108504951,-0.03532729743625968
1772556059297146400,6.769146484375,-0.0251227508187294,0.11481887690015137,-0.039560843352787194
1772556059307077000,6.7790771484375,-0.10557692823708056,0.12691855308189987,-0.021251699805352835
1772556059317008000,6.7890078125,-0.13836451459527016,0.1278199589010328,0.006224354407563805
1772556059326938600,6.798938720703125,-0.13936580059230327,0.12999386887401343,0.031679789513070135
1772556059336869600,6.80886962890625,-0.14835457821190356,0.1153024956986308,0.05686510244030505
1772556059346801000,6.81880078125,-0.1501093129247427,0.11048800808899104,0.07550112158823757
1772556059356731600,6.828731689453125,-0.12411913162171839,0.10359488757438957,0.11089803192829713
1772556059366662700,6.83866259765625,-0.07636778488755226,0.06858253783881664,0.1753263361644931
1772556059376594700,6.8485947265625,0.012784662771224975,0.02187090941593051,0.24433404061282052
1772556059386525700,6.858525634765625,0.12440087117254733,-0.03221059018783271,0.2880306868623942
1772556059396456700,6.868456787109375,0.22909517135620117,-0.07539207172319293,0.2790636826831847
1772556059406387700,6.8783876953125,0.2995733136832714,-0.10653503267951309,0.2502270624404773
1772556059416318700,6.888318603515625,0.3171317667275667,-0.09515482987873256,0.2053134964155033
1772556059426249700,6.898249755859375,0.25635434968173504,-0.05684336553253233,0.11275865643471479
1772556059436180500,6.908180419921875,0.13024609006941318,-0.026289748771488666,0.019124167991057036
1772556059446111700,6.91811181640625,0.03705751876235008,0.015146861857920885,-0.008464826810732483
1772556059456042800,6.928042724609375,-0.06158288820981979,0.0625678806591779,-0.003264445156045258
1772556059465973500,6.937973388671875,-0.14428221420645712,0.09465462527163326,-0.020712240900099276
1772556059475904800,6.94790478515625,-0.20908464898467063,0.09770188401304185,-0.04323624392990023
1772556059485835800,6.957835693359375,-0.280730081525445,0.11166183764133601,-0.04668024690393358
1772556059495766500,6.9677666015625,-0.3218500274211168,0.14192366838157175,-0.0339232027919963
1772556059505697800,6.97769775390625,-0.3187959005475044,0.1641471175622195,-0.03774111711233854
1772556059515629800,6.9876298828125,-0.2843926956862211,0.17569149794876573,-0.07116605152599513
1772556059525560600,6.997560546875,-0.23999299746751784,0.1885225571449846,-0.11488182260114699
1772556059535491600,7.00749169921875,-0.1731540884256363,0.19835779552608726,-0.1532127588327974
1772556059545422800,7.0174228515625,-0.10448328778147697,0.20254472582191227,-0.17496135704331098
1772556059555353600,7.027353515625,-0.026479426124691962,0.2075741713564843,-0.17197894369903952
1772556059565284600,7.03728466796875,0.020631284618377686,0.1917501408893615,-0.1638224887177348
1772556059575215900,7.0472158203125,0.019457564663887022,0.177791465902701,-0.15001436465028672
1772556059585146600,7.057146728515625,-0.018847908332943916,0.16086999558769166,-0.13826920099463313
1772556059595077600,7.06707763671875,-0.03804302266836166,0.17359196838624774,-0.13048110440168528
1772556059605008600,7.077008544921875,-0.03722761463224888,0.1680959282532334,-0.12209873171001671
1772556059614939600,7.086939697265625,-0.012663082218170165,0.15292079014889895,-0.10950323483534156
1772556059624870700,7.09687060546875,0.019679682981967924,0.14127945219390092,-0.09696987994406371
1772556059634801700,7.1068017578125,0.06393266620635986,0.11658150265850126,-0.07786357640326022
1772556059644732700,7.116732666015625,0.10862871702313423,0.0700519528042525,-0.04554342489372939
1772556059654664700,7.126664794921875,0.1083686047822237,0.01815590748079121,0.018615816610120236
1772556059664595700,7.136595703125,0.09245733442306518,0.0047757630344480275,0.060010414728708564
1772556059674526700,7.146526611328125,0.027332828083634374,0.008764540409669279,0.07348989136368037
1772556059684457700,7.156457763671875,-0.02238952646255493,0.013175561784952878,0.0890253506803885
1772556059694388700,7.166388671875,-0.06449906791746617,0.01764013997837901,0.10117138675451279
1772556059704319700,7.17631982421875,-0.08584230019748211,0.011607070359215139,0.13047343255188315
1772556059714250800,7.186250732421875,-0.10637246252894401,0.00064005146920681,0.21925697383303194
1772556059724181800,7.196181640625,-0.11729717664718627,0.0037075492810457944,0.2693084507357329
1772556059734112800,7.20611279296875,-0.13053075222969054,-0.024671572985127566,0.30781594911068677
1772556059744043500,7.21604345703125,-0.07976151897907256,-0.013730273058265447,0.30670539405290037
1772556059753974800,7.225974853515625,-0.0065343702048063276,0.0032735417779535055,0.28056922840792686
1772556059763905800,7.23590576171875,0.08459025430977345,-0.002173983038216829,0.2913766728220507
1772556059773836500,7.24583642578125,0.13752455663979052,-0.03603394786827266,0.2966565494537353
1772556059783767800,7.255767822265625,0.12543605943918226,-0.05344166733026504,0.29543720025923104
1772556059793698800,7.26569873046875,0.05796703580021858,-0.053164238628372544,0.2836739164249971
1772556059803630600,7.275630615234375,-0.017326397854089737,-0.042506651013717055,0.24483820900898426
1772556059813561600,7.2855615234375,-0.0208440505862236,-0.009821429051458835,0.19637915239688009
1772556059823492900,7.295492919921875,0.021001286974549293,0.04571224212199449,0.1709519387388602
1772556059833423600,7.305423583984375,0.06487023931741714,0.05122969036921859,0.11865571511667221
1772556059843354600,7.315354736328125,0.07365501879751682,0.0307644830327481,0.11632935452833772
1772556059853286000,7.325285888671875,0.03471943120360374,0.051739758783206344,0.13949183812476693
1772556059863216600,7.335216552734375,-0.005574000740051269,0.06716675275675953,0.0883968069858849
1772556059873147600,7.345147705078125,-0.03585632627904415,0.07477247852012514,0.014841704898886381
1772556059883079000,7.355078857421875,-0.07344751352667808,0.08186652843430638,-0.03839245716053992
1772556059893009700,7.365009765625,-0.09486322652101516,0.08598364489693194,-0.05602196614705026
1772556059902940700,7.374940673828125,-0.10638824461996554,0.09412165090609341,-0.03885251242034137
1772556059912871700,7.38487158203125,-0.15638473993241786,0.11865198878962546,-0.0602955883456394
1772556059922802700,7.394802734375,-0.19344693486988543,0.11886179561540483,-0.08625584943443536
1772556059932733700,7.404733642578125,-0.18732640616297722,0.12188205675203352,-0.11777615580316632
1772556059942665700,7.414665771484375,-0.15792261702418325,0.13705003446321934,-0.1547966304907575
1772556059952596700,7.4245966796875,-0.10743687689006327,0.15316113824341446,-0.21810864404812455
1772556059962527700,7.43452783203125,-0.053196168136596673,0.16798760904055088,-0.25600893377754835
1772556059972458500,7.44445849609375,-0.004335398855805397,0.16772830051723867,-0.2620593929229304
1772556059982389800,7.4543896484375,0.036900866895914076,0.14496968501396476,-0.21006894731428474
1772556059992320800,7.46432080078125,0.044321956807374954,0.10703947507031261,-0.11706570597887038
1772556060002251500,7.47425146484375,0.062386021286249156,0.05346252745520323,-0.05829747333098203
1772556060012182800,7.484182861328125,0.0695604429602623,0.016138101384975016,-0.023169424793869256
1772556060022113800,7.49411376953125,0.09260697202682494,0.015176928202621637,-0.02107606924381107
1772556060032044500,7.50404443359375,0.11360942804515362,0.05722904038187116,-0.039396811897493896
1772556060041975800,7.513975830078125,0.14117372679710388,0.07606781556028873,-0.10856025489680468
1772556060051906600,7.523906494140625,0.10434066444039344,0.09606069267727434,-0.15648093031588942
1772556060061837600,7.533837646484375,-0.011589900028705595,0.09632065878771245,-0.07160510053038596
1772556060071768800,7.543768798828125,-0.17554244486689566,0.038881665449589486,0.1301549777198583
1772556060081700900,7.553700927734375,-0.3653413786232471,0.0055591684971004725,0.3455374116744846
1772556060091631600,7.563631591796875,-0.517764813709259,0.019077990761771798,0.3654903951724991
1772556060101562600,7.573562744140625,-0.52671501288414,0.047665823875181375,0.23193262327183037
1772556060111493600,7.58349365234375,-0.39733401521146294,0.09607231004983185,0.10920713796559721
1772556060121424600,7.593424560546875,-0.17695991044938564,0.1473361218843609,-0.0039512949090451
1772556060131355600,7.603355712890625,0.060841129931807514,0.1335731886655092,0.027309666403755543
1772556060141286700,7.61328662109375,0.1923462801516056,0.058631344927847384,0.18555073825996368
1772556060151217700,7.6232177734375,0.21241934636533258,-0.003177899383753538,0.28941158329416067
1772556060161148700,7.633148681640625,0.12988076388835906,-0.009392207321338355,0.22578235701378432
1772556060171079700,7.64307958984375,0.03607902911901474,0.005296937364339828,0.10051149807367474
1772556060181010700,7.6530107421875,-0.06043138008713722,0.012640395462326705,0.05004270907435566
1772556060190941700,7.662941650390625,-0.16378420253396034,0.05996920593548566,0.06984101346731185
1772556060200872700,7.672872802734375,-0.2852086882442236,0.09234857681896537,0.10948752580955624
1772556060210803700,7.6828037109375,-0.38180209955871103,0.051270241575315595,0.19275712597481906
1772556060220734700,7.692734619140625,-0.42308278897404666,0.043546844249032435,0.24561704789437352
1772556060230666800,7.702666748046875,-0.4884165541499853,0.09899327553045004,0.19000870404951273
1772556060240597800,7.71259765625,-0.5908867485433816,0.17672018340937792,0.08591967628262936
1772556060250528800,7.72252880859375,-0.6314414617717266,0.24547230566143988,0.018833514481410383
1772556060260459800,7.732459716796875,-0.6428337934017181,0.2609022953096777,-0.013806553164869546
1772556060270390800,7.742390869140625,-0.6457406207591295,0.2262095329172909,0.04246383478529751
1772556060280321500,7.752321533203125,-0.651694560727477,0.16960293528269976,0.17406506579071282
1772556060290252800,7.762252685546875,-0.6619774698108434,0.13047423626948149,0.2825179147902876
1772556060300183800,7.772183837890625,-0.6430611724168062,0.11826445077676326,0.3259974294241518
1772556060310114600,7.782114501953125,-0.5502314975500107,0.15922266677208244,0.21496640049964189
1772556060320046300,7.79204638671875,-0.32723873472213744,0.22198855422139166,0.015891981136798856
1772556060329977600,7.8019775390625,-0.022301263657212255,0.2864240553833544,-0.18470358337871728
1772556060339908600,7.81190869140625,0.3465799795299768,0.16065211505331098,-0.3184232678428292
1772556060349839400,7.82183935546875,0.7273702716976403,0.01682889666073024,-0.43889067202396687
1772556060359770600,7.8317705078125,0.903341755631566,0.051880117101967334,-0.3643650809369981
1772556060369701400,7.841701416015625,0.8578051623374223,0.005528408032655715,-0.13915778386481106
1772556060379633400,7.85163330078125,0.7640063501775264,-0.09673267365470528,0.002038593155518174
1772556060389564400,7.861564453125,0.6677157212018966,-0.15984255223609506,0.10923895787596702
1772556060399495700,7.87149560546875,0.5427864422410726,0.0542238306839019,0.13101210600584745
